{"train": {"rmse": [1018.8997046240297, 973.6147866319778, 930.830194930195, 890.3286667892352, 852.3663441711227, 815.988623183631, 781.5825354783515, 748.9354259264335, 718.1603884794154, 689.2734770665595, 661.92525649672, 635.9129362924656, 611.4081665436627, 588.2815302192791, 566.2519450885667, 545.7219311154996, 526.5267439278338, 508.4064037496507, 491.2970673029868, 475.1851358112235, 460.0516926533372, 445.9664946829507, 432.6919180163408, 420.130400287402, 408.4855514659931, 397.5309918397094, 387.0038712672567, 377.46876714245064, 368.4072180473535, 359.89366497915813, 351.99464246900396, 344.4851021518858, 337.63950025062405, 331.15725726457714, 325.3818703985188, 319.87114111582446, 314.87631570407694, 309.95843683289024, 305.728646927409, 301.6307040541078, 297.8050528569148, 294.329653205772, 291.1330020853404, 288.2227975442322, 285.4385661350964, 282.6781028927552, 280.2423165258031, 277.82646216544424, 275.78035286647935, 273.6778861717792, 271.6777340348225, 269.78249196343626, 267.95626614742173, 266.47464325353536, 264.90927202153694, 263.26197545168054, 262.0673391240025, 260.80811594832164, 259.6771739109959, 258.5753835917844, 257.3839452462955, 256.4453960592027, 255.48405105057384, 254.51919788369918, 253.7747172222171, 252.95159622654677, 252.1771985843859, 251.4630619276251, 250.75924811591346, 250.06262740786383, 249.4751020370868, 248.91808191875884, 248.33993423129235, 247.51877342214462, 246.83851494729547, 246.33132580767415, 245.77772392498187, 245.36981104181723, 244.83995735105313, 244.35031409628894, 243.92213754218398, 243.19430233952423, 242.49245615923036, 241.836267293579, 241.31660522697408, 240.74588259311412, 240.3769046660618, 239.6948239708216, 239.24859577093423, 238.6152668039704, 238.1797277862095, 237.63103853112418, 237.3458645501391, 236.84438234269305, 236.653515641805, 235.9367776832618, 235.40835175503543, 235.12088452447043, 234.24550792095275, 233.58659858973385, 232.78797712176936, 232.00916889020104, 231.60661487528338, 230.95897831316418, 230.59097831368467, 230.27566171857828, 229.67257945714462, 229.06188272531128, 228.6238995175454, 228.01518156297053, 227.47154733111515, 227.11288443021746, 226.79696027076045, 226.45163028489114, 225.9003671901245, 225.77741596352675]}, "val": {"rmse": [1000.9868491147791, 956.5981200242177, 914.4880491764018, 874.1558613088108, 837.0735169042256, 801.4293911360681, 767.5220401679903, 735.4897067121742, 705.46137968161, 677.250679568873, 650.3254664102353, 625.0232658936278, 600.929712170029, 578.752806774043, 557.4018576427729, 537.4545636879044, 518.7228117350957, 501.5303174228143, 485.31746757319667, 470.24871280387845, 455.8780365639031, 442.4898204960483, 429.6477601248037, 417.7535773800556, 406.89072387308545, 396.63316968039595, 386.80189913007223, 378.0206982802971, 369.7670697026578, 362.02865256076547, 355.03308084916756, 348.88719021268025, 343.1952146957494, 337.58396744979564, 332.7025880854092, 328.2568081667248, 324.3089722125202, 320.2265009305153, 316.74476287121473, 313.51197249162186, 310.4509151078694, 307.85986474667175, 305.4261425316885, 303.52444689224706, 301.4198588404006, 299.23905926546854, 297.5015156576649, 295.6560199569179, 294.429696357684, 292.9398946640849, 291.862261763946, 290.689782909602, 289.5457358500071, 288.94568887316154, 288.1893586871896, 287.50276699291675, 287.0262937308549, 286.4009347058417, 286.0288703149106, 285.49577077136746, 285.14712375004177, 284.85030720858975, 284.55232329451974, 284.3406856501915, 284.00566539221046, 283.78345453201786, 283.53405506933143, 283.34002570763386, 283.28448569726976, 283.00267640664885, 282.96727844197795, 282.91090037835977, 282.7512219014639, 282.7576341473974, 282.7760483775543, 282.6955377556418, 282.68109005798925, 282.53328205331457, 282.53793592292214, 282.42727120144554, 282.4459468358414, 282.3859967282574, 282.3332343998877, 281.986740617346, 282.0543094526693, 281.734361041714, 281.87835189257294, 281.9179201231776, 282.02761643694106, 282.08871676885633, 282.1083150801829, 282.2597558762288, 282.17560246656507, 282.3523402589689, 282.33609240569393, 282.2282194553605, 282.359771859645, 282.31519872379624, 282.1571136465298, 282.2666294290354, 282.0540428195113, 282.0084571611473, 281.9717943159268, 281.7933000946075, 281.8512983055435, 281.8266330542117, 281.8460611515033, 282.05595295855534, 282.1446018753081, 282.4534208577639, 282.48454675376274, 282.52009179167715, 282.53251955701876, 282.52064518229867, 282.5050322357025, 282.4953766086386]}}